<?xml version="1.0"?>
<doc>
    <assembly>
        <name>SimpleLookups</name>
    </assembly>
    <members>
        <member name="T:SimpleLookups.Exceptions.SimpleLookupsException">
            <summary>
            Represents a generic error that occurs during SimpleLookups processing.
            </summary>
        </member>
        <member name="M:SimpleLookups.Exceptions.SimpleLookupsException.#ctor(System.String,System.Exception)">
            <summary>
            Creates a new instance of SimpleLookups.SimpleLookupsException with the specified message and inner exception.
            </summary>
            <param name="message">The message that describes the error.</param>
            <param name="inner">The inner exception which is the true cause of the exception.</param>
        </member>
        <member name="T:SimpleLookups.Lookup">
            <summary>
            Represents a lookup value.
            </summary>
        </member>
        <member name="T:SimpleLookups.Interfaces.ILookup">
            <summary>
            Defines the definition of a lookup value.
            </summary>
        </member>
        <member name="P:SimpleLookups.Interfaces.ILookup.Id">
            <summary>
            A unique id associated with the lookup value. This is how the value should be referenced in other tables.
            </summary>
        </member>
        <member name="P:SimpleLookups.Interfaces.ILookup.Name">
            <summary>
            The name of the lookup value.
            </summary>
        </member>
        <member name="P:SimpleLookups.Interfaces.ILookup.Description">
            <summary>
            A brief description of the lookup value.
            </summary>
        </member>
        <member name="P:SimpleLookups.Interfaces.ILookup.Code">
            <summary>
            A unique, user-readable string that represents this lookup.
            </summary>
        </member>
        <member name="P:SimpleLookups.Interfaces.ILookup.Active">
            <summary>
            A boolean value indicating whether the lookup is marked active.
            </summary>
        </member>
        <member name="P:SimpleLookups.Lookup.Id">
            <summary>
            A unique id associated with the lookup value. This is how the value should be referenced in other tables.
            </summary>
        </member>
        <member name="P:SimpleLookups.Lookup.Name">
            <summary>
            The name of the lookup value.
            </summary>
        </member>
        <member name="P:SimpleLookups.Lookup.Description">
            <summary>
            A brief description of the lookup value.
            </summary>
        </member>
        <member name="P:SimpleLookups.Lookup.Code">
            <summary>
            A unique, user-readable string that represents this lookup.
            </summary>
        </member>
        <member name="P:SimpleLookups.Lookup.Active">
            <summary>
            A boolean value indicating whether the lookup is marked active.
            </summary>
        </member>
        <member name="T:SimpleLookups.LookupManager`1">
            <summary>
            Manages database communication for a lookup type.
            </summary>
            <typeparam name="T">Any class object that inherits from ILookup.</typeparam>
        </member>
        <member name="T:SimpleLookups.Interfaces.ILookupManager`1">
            <summary>
            Manages database communication for a lookup type.
            </summary>
            <typeparam name="T">Any class object that inherits from ILookup.</typeparam>
        </member>
        <member name="M:SimpleLookups.Interfaces.ILookupManager`1.Create(`0)">
            <summary>
            Creates a lookup value.
            </summary>
            <param name="lookup">The lookup data to create.</param>
            <returns>A boolean value indicating whether the operation was a success.</returns>
        </member>
        <member name="M:SimpleLookups.Interfaces.ILookupManager`1.Create(`0,System.String)">
            <summary>
            Creates a lookup value.
            </summary>
            <param name="lookup">The lookup data to create.</param>
            <param name="connectionName">The name of the connection to use.</param>
            <returns>A boolean value indicating whether the operation was a success.</returns>
        </member>
        <member name="M:SimpleLookups.Interfaces.ILookupManager`1.Update(`0)">
            <summary>
            Updates a lookup value.
            </summary>
            <param name="lookup">The lookup value to update.</param>
            <returns>A boolean value indicating whether the operation was a success.</returns>
        </member>
        <member name="M:SimpleLookups.Interfaces.ILookupManager`1.Update(`0,System.String)">
            <summary>
            Updates a lookup value.
            </summary>
            <param name="lookup">The lookup value to update.</param>
            <param name="connectionName">The name of the connection to use.</param>
            <returns>A boolean value indicating whether the operation was a success.</returns>
        </member>
        <member name="M:SimpleLookups.Interfaces.ILookupManager`1.Delete(System.Int32)">
            <summary>
            Removes a lookup value.
            </summary>
            <param name="id">The unique id of the lookup to delete.</param>
            <returns>A boolean value indicating whether the operation was a success.</returns>
        </member>
        <member name="M:SimpleLookups.Interfaces.ILookupManager`1.Delete(System.Int32,System.String)">
            <summary>
            Removes a lookup value.
            </summary>
            <param name="id">The unique id of the lookup to delete.</param>
            <param name="connectionName">The name of the connection to use.</param>
            <returns>A boolean value indicating whether the operation was a success.</returns>
        </member>
        <member name="M:SimpleLookups.Interfaces.ILookupManager`1.Delete(System.Collections.Generic.IList{System.Int32})">
            <summary>
            Removes several lookup values, by their ids.
            </summary>
            <param name="ids">The unique ids of the lookups to delete.</param>
            <returns>A boolean value indicating whether the operation was a success.</returns>
        </member>
        <member name="M:SimpleLookups.Interfaces.ILookupManager`1.Delete(System.Collections.Generic.IList{System.Int32},System.String)">
            <summary>
            Removes several lookup values, by their ids.
            </summary>
            <param name="ids">The unique ids of the lookups to delete.</param>
            <param name="connectionName">The name of the connection to use.</param>
            <returns>A boolean value indicating whether the operation was a success.</returns>
        </member>
        <member name="M:SimpleLookups.Interfaces.ILookupManager`1.Delete(System.String)">
            <summary>
            Removes a lookup value, by it's code.
            </summary>
            <param name="code">The unique code of the lookup to delete.</param>
            <returns>A boolean value indicating whether the operation was a success.</returns>
        </member>
        <member name="M:SimpleLookups.Interfaces.ILookupManager`1.Delete(System.String,System.String)">
            <summary>
            Removes a lookup value, by it's code.
            </summary>
            <param name="code">The unique code of the lookup to delete.</param>
            <param name="connectionName">The name of the connection to use.</param>
            <returns>A boolean value indicating whether the operation was a success.</returns>
        </member>
        <member name="M:SimpleLookups.Interfaces.ILookupManager`1.Delete(System.Collections.Generic.IList{System.String})">
            <summary>
            Removes several lookup values, by their codes.
            </summary>
            <param name="codes">The unique codes of the lookups to delete.</param>
            <returns>A boolean value indicating whether the operation was a success.</returns>
        </member>
        <member name="M:SimpleLookups.Interfaces.ILookupManager`1.Delete(System.Collections.Generic.IList{System.String},System.String)">
            <summary>
            Removes several lookup values, by their codes.
            </summary>
            <param name="codes">The unique codes of the lookups to delete.</param>
            <param name="connectionName">The name of the connection to use.</param>
            <returns>A boolean value indicating whether the operation was a success.</returns>
        </member>
        <member name="M:SimpleLookups.Interfaces.ILookupManager`1.Get(System.Int32)">
            <summary>
            Get a lookup by its id.
            </summary>
            <param name="id">The id of the requested lookup.</param>
            <returns>The requested lookup value.</returns>
        </member>
        <member name="M:SimpleLookups.Interfaces.ILookupManager`1.Get(System.Int32,System.String)">
            <summary>
            Get a lookup by its id.
            </summary>
            <param name="id">The id of the requested lookup.</param>
            <param name="connectionName">The name of the connection to use.</param>
            <returns>The requested lookup value.</returns>
        </member>
        <member name="M:SimpleLookups.Interfaces.ILookupManager`1.Get(System.Collections.Generic.IList{System.Int32})">
            <summary>
            Get several lookups by their ids.
            </summary>
            <param name="ids">The ids of the requested lookups.</param>
            <returns>A list of the requested lookup values.</returns>
        </member>
        <member name="M:SimpleLookups.Interfaces.ILookupManager`1.Get(System.Collections.Generic.IList{System.Int32},System.String)">
            <summary>
            Get several lookups by their ids.
            </summary>
            <param name="ids">The ids of the requested lookups.</param>
            <param name="connectionName">The name of the connection to use.</param>
            <returns>A list of the requested lookup values.</returns>
        </member>
        <member name="M:SimpleLookups.Interfaces.ILookupManager`1.Get(System.String)">
            <summary>
            Get a lookup by its code.
            </summary>
            <param name="code">The code of the requested lookup.</param>
            <returns>The requested lookup value.</returns>
        </member>
        <member name="M:SimpleLookups.Interfaces.ILookupManager`1.Get(System.String,System.String)">
            <summary>
            Get a lookup by its code.
            </summary>
            <param name="code">The code of the requested lookup.</param>
            <param name="connectionName">The name of the connection to use.</param>
            <returns>The requested lookup value.</returns>
        </member>
        <member name="M:SimpleLookups.Interfaces.ILookupManager`1.Get(System.Collections.Generic.IList{System.String})">
            <summary>
            Get several lookups by their codes.
            </summary>
            <param name="codes">The codes of the requested lookups.</param>
            <returns>A list of the requested lookup values.</returns>
        </member>
        <member name="M:SimpleLookups.Interfaces.ILookupManager`1.Get(System.Collections.Generic.IList{System.String},System.String)">
            <summary>
            Get several lookups by their codes.
            </summary>
            <param name="codes">The codes of the requested lookups.</param>
            <param name="connectionName">The name of the connection to use.</param>
            <returns>A list of the requested lookup values.</returns>
        </member>
        <member name="M:SimpleLookups.Interfaces.ILookupManager`1.Get(System.Boolean)">
            <summary>
            Gets a list of all of the lookups.
            </summary>
            <param name="activeOnly">Specifies whether or not only active lookups should be included.</param>
            <returns>A list of the requested lookup values.</returns>
        </member>
        <member name="M:SimpleLookups.Interfaces.ILookupManager`1.Get(System.Boolean,System.String)">
            <summary>
            Gets a list of all of the lookups.
            </summary>
            <param name="activeOnly">Specifies whether or not only active lookups should be included.</param>
            <param name="connectionName">The name of the connection to use.</param>
            <returns>A list of the requested lookup values.</returns>
        </member>
        <member name="M:SimpleLookups.Interfaces.ILookupManager`1.GetAll">
            <summary>
            Gets all of the lookup values of this type.
            </summary>
            <returns>A list of all of the lookups.</returns>
        </member>
        <member name="M:SimpleLookups.Interfaces.ILookupManager`1.GetAll(System.String)">
            <summary>
            Gets all of the lookup values of this type.
            </summary>
            <param name="connectionName">The name of the connection to use.</param>
            <returns>A list of all of the lookups.</returns>
        </member>
        <member name="M:SimpleLookups.Interfaces.ILookupManager`1.GetActive">
            <summary>
            Gets a list of the active lookups.
            </summary>
            <returns>A list of the active lookups.</returns>
        </member>
        <member name="M:SimpleLookups.Interfaces.ILookupManager`1.GetActive(System.String)">
            <summary>
            Gets a list of the active lookups.
            </summary>
            <param name="connectionName">The name of the connection to use.</param>
            <returns>A list of the active lookups.</returns>
        </member>
        <member name="M:SimpleLookups.LookupManager`1.Create(`0)">
            <summary>
            Creates a lookup value.
            </summary>
            <param name="lookup">The lookup data to create.</param>
            <returns>A boolean value indicating whether the operation was a success.</returns>
        </member>
        <member name="M:SimpleLookups.LookupManager`1.Create(`0,System.String)">
            <summary>
            Creates a lookup value.
            </summary>
            <param name="lookup">The lookup data to create.</param>
            <param name="connectionName">The name of the connection to use.</param>
            <returns>A boolean value indicating whether the operation was a success.</returns>
        </member>
        <member name="M:SimpleLookups.LookupManager`1.Update(`0)">
            <summary>
            Updates a lookup value.
            </summary>
            <param name="lookup">The lookup value to update.</param>
            <returns>A boolean value indicating whether the operation was a success.</returns>
        </member>
        <member name="M:SimpleLookups.LookupManager`1.Update(`0,System.String)">
            <summary>
            Updates a lookup value.
            </summary>
            <param name="lookup">The lookup value to update.</param>
            <param name="connectionName">The name of the connection to use.</param>
            <returns>A boolean value indicating whether the operation was a success.</returns>
        </member>
        <member name="M:SimpleLookups.LookupManager`1.Delete(System.Int32)">
            <summary>
            Removes a lookup value, by it's code.
            </summary>
            <param name="id">The unique id of the lookup to delete.</param>
            <returns>A boolean value indicating whether the operation was a success.</returns>
        </member>
        <member name="M:SimpleLookups.LookupManager`1.Delete(System.Int32,System.String)">
            <summary>
            Removes a lookup value, by it's code.
            </summary>
            <param name="id">The unique id of the lookup to delete.</param>
            <param name="connectionName">The name of the connection to use.</param>
            <returns>A boolean value indicating whether the operation was a success.</returns>
        </member>
        <member name="M:SimpleLookups.LookupManager`1.Delete(System.Collections.Generic.IList{System.Int32})">
            <summary>
            Removes several lookup values, by their ids.
            </summary>
            <param name="ids">The unique ids of the lookups to delete.</param>
            <returns>A boolean value indicating whether the operation was a success.</returns>
        </member>
        <member name="M:SimpleLookups.LookupManager`1.Delete(System.Collections.Generic.IList{System.Int32},System.String)">
            <summary>
            Removes several lookup values, by their ids.
            </summary>
            <param name="ids">The unique ids of the lookups to delete.</param>
            <param name="connectionName">The name of the connection to use.</param>
            <returns>A boolean value indicating whether the operation was a success.</returns>
        </member>
        <member name="M:SimpleLookups.LookupManager`1.Delete(System.String)">
            <summary>
            Removes a lookup value, by it's code.
            </summary>
            <param name="code">The unique code of the lookup to delete.</param>
            <returns>A boolean value indicating whether the operation was a success.</returns>
        </member>
        <member name="M:SimpleLookups.LookupManager`1.Delete(System.String,System.String)">
            <summary>
            Removes a lookup value, by it's code.
            </summary>
            <param name="code">The unique code of the lookup to delete.</param>
            <param name="connectionName">The name of the connection to use.</param>
            <returns>A boolean value indicating whether the operation was a success.</returns>
        </member>
        <member name="M:SimpleLookups.LookupManager`1.Delete(System.Collections.Generic.IList{System.String})">
            <summary>
            Removes several lookup values, by their ids.
            </summary>
            <param name="codes">The unique codes of the lookups to delete.</param>
            <returns>A boolean value indicating whether the operation was a success.</returns>
        </member>
        <member name="M:SimpleLookups.LookupManager`1.Delete(System.Collections.Generic.IList{System.String},System.String)">
            <summary>
            Removes several lookup values, by their ids.
            </summary>
            <param name="codes">The unique ids of the lookups to delete.</param>
            <param name="connectionName">The name of the connection to use.</param>
            <returns>A boolean value indicating whether the operation was a success.</returns>
        </member>
        <member name="M:SimpleLookups.LookupManager`1.Get(System.Int32)">
            <summary>
            Get a lookup by its id.
            </summary>
            <param name="id">The id of the requested lookup.</param>
            <returns>The requested lookup value.</returns>
        </member>
        <member name="M:SimpleLookups.LookupManager`1.Get(System.Int32,System.String)">
            <summary>
            Get a lookup by its id.
            </summary>
            <param name="id">The id of the requested lookup.</param>
            <param name="connectionName">The name of the connection to use.</param>
            <returns>The requested lookup value.</returns>
        </member>
        <member name="M:SimpleLookups.LookupManager`1.Get(System.Collections.Generic.IList{System.Int32})">
            <summary>
            Get several lookups by their ids.
            </summary>
            <param name="ids">The ids of the requested lookups.</param>
            <returns>A list of the requested lookup values.</returns>
        </member>
        <member name="M:SimpleLookups.LookupManager`1.Get(System.Collections.Generic.IList{System.Int32},System.String)">
            <summary>
            Get several lookups by their ids.
            </summary>
            <param name="ids">The ids of the requested lookups.</param>
            <param name="connectionName">The name of the connection to use.</param>
            <returns>A list of the requested lookup values.</returns>
        </member>
        <member name="M:SimpleLookups.LookupManager`1.Get(System.String)">
            <summary>
            Get a lookup by its code.
            </summary>
            <param name="code">The code of the requested lookup.</param>
            <returns>The requested lookup value.</returns>
        </member>
        <member name="M:SimpleLookups.LookupManager`1.Get(System.String,System.String)">
            <summary>
            Get a lookup by its code.
            </summary>
            <param name="code">The code of the requested lookup.</param>
            <param name="connectionName">The name of the connection to use.</param>
            <returns>The requested lookup value.</returns>
        </member>
        <member name="M:SimpleLookups.LookupManager`1.Get(System.Collections.Generic.IList{System.String})">
            <summary>
            Get several lookups by their codes.
            </summary>
            <param name="codes">The codes of the requested lookups.</param>
            <returns>A list of the requested lookup values.</returns>
        </member>
        <member name="M:SimpleLookups.LookupManager`1.Get(System.Collections.Generic.IList{System.String},System.String)">
            <summary>
            Get several lookups by their codes.
            </summary>
            <param name="codes">The codes of the requested lookups.</param>
            <param name="connectionName">The name of the connection to use.</param>
            <returns>A list of the requested lookup values.</returns>
        </member>
        <member name="M:SimpleLookups.LookupManager`1.Get(System.Boolean)">
            <summary>
            Gets a list of all of the lookups.
            </summary>
            <param name="activeOnly">Specifies whether or not only active lookups should be included.</param>
            <returns>A list of the requested lookup values.</returns>
        </member>
        <member name="M:SimpleLookups.LookupManager`1.Get(System.Boolean,System.String)">
            <summary>
            Gets a list of all of the lookups.
            </summary>
            <param name="activeOnly">Specifies whether or not only active lookups should be included.</param>
            <param name="connectionName">The name of the connection to use.</param>
            <returns>A list of the requested lookup values.</returns>
        </member>
        <member name="M:SimpleLookups.LookupManager`1.GetAll">
            <summary>
            Gets all of the lookup values of this type. (Deprecated)
            </summary>
            <returns>A list of all of the lookups.</returns>
        </member>
        <member name="M:SimpleLookups.LookupManager`1.GetAll(System.String)">
            <summary>
            Gets all of the lookup values of this type. (Deprecated)
            </summary>
            <param name="connectionName">The name of the connection to use.</param>
            <returns>A list of all of the lookups.</returns>
        </member>
        <member name="M:SimpleLookups.LookupManager`1.GetActive">
            <summary>
            Gets a list of the active lookups. (Deprecated)
            </summary>
            <returns>A list of the active lookups.</returns>
        </member>
        <member name="M:SimpleLookups.LookupManager`1.GetActive(System.String)">
            <summary>
            Gets a list of the active lookups. (Deprecated)
            </summary>
            <param name="connectionName">The name of the connection to use.</param>
            <returns>A list of the active lookups.</returns>
        </member>
        <member name="T:SimpleLookups.SimpleLookups">
            <summary>
            The main class of the SimpleLookups system.
            </summary>
        </member>
        <member name="M:SimpleLookups.SimpleLookups.Initialize(System.String)">
            <summary>
            Initializes SimpleLookups for use.
            </summary>
            <param name="defaultConnectionString">The connection string that should be used when another isn't supplied.</param>
        </member>
        <member name="M:SimpleLookups.SimpleLookups.AddConnectionString(System.String,System.String)">
            <summary>
            Adds a connection string to the internal store so that the connection string can be used later by LookupManager.
            </summary>
            <param name="connectionName">The name of the connection.</param>
            <param name="connectionString">The actual connection string.</param>
        </member>
        <member name="P:SimpleLookups.SimpleLookups.IsInitialized">
            <summary>
            A boolean indicating whether or not Initialize() has been called.
            </summary>
        </member>
    </members>
</doc>
