<?xml version="1.0"?>
<doc>
    <assembly>
        <name>SimpleLookups</name>
    </assembly>
    <members>
        <member name="M:SimpleLookups.Commands.Interfaces.ILookupCommand.Execute(System.Data.Common.DbConnection)">
            <summary>
            Executes the command.
            </summary>
            <param name="connection">The connection to execute on.</param>
            <returns>A boolean indicating success.</returns>
        </member>
        <member name="P:SimpleLookups.Commands.Interfaces.ILookupCommand.CommandName">
            <summary>
            The name of the command to use in messages.
            </summary>
        </member>
        <member name="M:SimpleLookups.Commands.LookupCommand.Execute(System.Data.Common.DbConnection)">
            <summary>
            Executes the command.
            </summary>
            <param name="connection">The connection to execute on.</param>
            <returns>A boolean indicating success.</returns>
        </member>
        <member name="M:SimpleLookups.Commands.LookupCommand.AddIdParameterValues(System.Data.Common.DbCommand,System.Collections.Generic.IList{System.Int32})">
            <summary>
            Add Id parameters to DbCommand.
            </summary>
            <param name="command">The command instance.</param>
            <param name="ids">The list of ids</param>
        </member>
        <member name="M:SimpleLookups.Commands.LookupCommand.AddCodeParameterValues(System.Data.Common.DbCommand,System.Collections.Generic.IList{System.String})">
            <summary>
            Add Code parameters to DbCommand.
            </summary>
            <param name="command">The command instance.</param>
            <param name="codes">The list of codes</param>
        </member>
        <member name="M:SimpleLookups.Commands.LookupCommand.GenerateCsvParameterNameString(System.Int32,System.String)">
            <summary>
            Generates a string of parameter replacements.
            </summary>
            <param name="paramCount">The number to create.</param>
            <param name="paramName">The name of the parameter.</param>
            <returns>A CSV string with the specified number of commands.</returns>
        </member>
        <member name="M:SimpleLookups.Commands.LookupCommand.AddParameterToCommand(System.Data.Common.DbCommand,System.String,System.Object,System.Data.DbType)">
            <summary>
            Adds a parameter to a command instance.
            </summary>
            <param name="command">The command to operate on.</param>
            <param name="paramName">The name of the parameter.</param>
            <param name="val">The value of the parameter.</param>
            <param name="type">The type of the parameter.</param>
        </member>
        <member name="M:SimpleLookups.Commands.LookupCommand.AddParameterToCommand(System.Data.Common.DbCommand,System.String,System.String,System.Object,System.Data.DbType)">
            <summary>
            Adds a parameter to a command instance.
            </summary>
            <param name="command">The command to operate on.</param>
            <param name="paramName">The name of the parameter.</param>
            <param name="ordinal">The number of the parameter.</param>
            <param name="val">The value of the parameter.</param>
            <param name="type">The type of the parameter.</param>
        </member>
        <member name="P:SimpleLookups.Commands.LookupCommand.CommandName">
            <summary>
            The name of the command to use in messages.
            </summary>
        </member>
        <member name="M:SimpleLookups.Commands.DeleteMultipleByCodeLookupCommand`1.Execute(System.Data.Common.DbConnection)">
            <summary>
            Executes the command.
            </summary>
            <param name="connection">The connection to execute on.</param>
            <returns>A boolean indicating success.</returns>
        </member>
        <member name="M:SimpleLookups.Commands.DeleteMultipleByIdLookupCommand`1.Execute(System.Data.Common.DbConnection)">
            <summary>
            Executes the command.
            </summary>
            <param name="connection">The connection to execute on.</param>
            <returns>A boolean indicating success.</returns>
        </member>
        <member name="M:SimpleLookups.Commands.DeleteSingleByCodeLookupCommand`1.Execute(System.Data.Common.DbConnection)">
            <summary>
            Executes the command.
            </summary>
            <param name="connection">The connection to execute on.</param>
            <returns>A boolean indicating success.</returns>
        </member>
        <member name="M:SimpleLookups.Commands.DeleteSingleByIdLookupCommand`1.Execute(System.Data.Common.DbConnection)">
            <summary>
            Executes the command.
            </summary>
            <param name="connection">The connection to execute on.</param>
            <returns>A boolean indicating success.</returns>
        </member>
        <member name="M:SimpleLookups.Commands.InsertLookupCommand`1.Execute(System.Data.Common.DbConnection)">
            <summary>
            Executes the command.
            </summary>
            <param name="connection">The connection to execute on.</param>
            <returns>A boolean indicating success.</returns>
        </member>
        <member name="M:SimpleLookups.Commands.SelectLookupCommand`1.CreateEntityFromDataReader(System.Data.Common.DbDataReader)">
            <summary>
            Maps raw database results to an object.
            </summary>
            <param name="reader">The data reader to use.</param>
            <returns>The lookup value.</returns>
        </member>
        <member name="M:SimpleLookups.Commands.SelectWithoutArgumentLookupCommand`1.Execute(System.Data.Common.DbConnection)">
            <summary>
            Executes the command.
            </summary>
            <param name="connection">The connection to execute on.</param>
            <returns>A boolean indicating success.</returns>
        </member>
        <member name="M:SimpleLookups.Commands.SelectMultipleByCodeLookupCommand`1.Execute(System.Data.Common.DbConnection)">
            <summary>
            Executes the command.
            </summary>
            <param name="connection">The connection to execute on.</param>
            <returns>A boolean indicating success.</returns>
        </member>
        <member name="M:SimpleLookups.Commands.SelectMultipleByIdLookupCommand`1.Execute(System.Data.Common.DbConnection)">
            <summary>
            Executes the command.
            </summary>
            <param name="connection">The connection to execute on.</param>
            <returns>A boolean indicating success.</returns>
        </member>
        <member name="M:SimpleLookups.Commands.SelectSingleByCodeLookupCommand`1.Execute(System.Data.Common.DbConnection)">
            <summary>
            Executes the command.
            </summary>
            <param name="connection">The connection to execute on.</param>
            <returns>A boolean indicating success.</returns>
        </member>
        <member name="M:SimpleLookups.Commands.SelectSingleByIdLookupCommand`1.Execute(System.Data.Common.DbConnection)">
            <summary>
            Executes the command.
            </summary>
            <param name="connection">The connection to execute on.</param>
            <returns>A boolean indicating success.</returns>
        </member>
        <member name="M:SimpleLookups.Commands.UpdateLookupCommand`1.Execute(System.Data.Common.DbConnection)">
            <summary>
            Executes the command.
            </summary>
            <param name="connection">The connection to execute on.</param>
            <returns>A boolean indicating success.</returns>
        </member>
        <member name="T:SimpleLookups.Configuration.ConnectionStringConfigurationElement">
            <summary>
            Configuration element for a single connection string.
            </summary>
        </member>
        <member name="T:SimpleLookups.Configuration.Interfaces.IConnectionStringConfigurationElement">
            <summary>
            Configuration element for a single connection string.
            </summary>
        </member>
        <member name="P:SimpleLookups.Configuration.Interfaces.IConnectionStringConfigurationElement.ConnectionStringName">
            <summary>
            The name of the connection string.
            </summary>
        </member>
        <member name="P:SimpleLookups.Configuration.Interfaces.IConnectionStringConfigurationElement.IsDefault">
            <summary>
            A flag indicating whether of not this connection string is default.
            </summary>
        </member>
        <member name="P:SimpleLookups.Configuration.ConnectionStringConfigurationElement.ConnectionStringName">
            <summary>
            The name of the connection string.
            </summary>
        </member>
        <member name="P:SimpleLookups.Configuration.ConnectionStringConfigurationElement.IsDefault">
            <summary>
            A flag indicating whether of not this connection string is default.
            </summary>
        </member>
        <member name="T:SimpleLookups.Configuration.ConnectionStringsConfigurationElementCollection">
            <summary>
            The collection of connection strings.
            </summary>
        </member>
        <member name="T:SimpleLookups.Configuration.Interfaces.IConnectionStringsConfigurationElementCollection">
            <summary>
            The collection of connection strings.
            </summary>
        </member>
        <member name="M:SimpleLookups.Configuration.Interfaces.IConnectionStringsConfigurationElementCollection.GetDefault">
            <summary>
            Retrieves the default (or the only) connection string provided in the configuration file.
            </summary>
            <returns>The connection string.</returns>
        </member>
        <member name="P:SimpleLookups.Configuration.Interfaces.IConnectionStringsConfigurationElementCollection.Item(System.Int32)">
            <summary>
            Indexer by order.
            </summary>
            <param name="index">The index of the connection string.</param>
            <returns>The connection string.</returns>
        </member>
        <member name="P:SimpleLookups.Configuration.Interfaces.IConnectionStringsConfigurationElementCollection.Item(System.Object)">
            <summary>
            Indexer by connection string name.
            </summary>
            <param name="refName">The name of the connection string.</param>
            <returns>The connection string.</returns>
        </member>
        <member name="M:SimpleLookups.Configuration.ConnectionStringsConfigurationElementCollection.CreateNewElement">
            <summary>
            Creates a new element.
            </summary>
            <returns>A new element.</returns>
        </member>
        <member name="M:SimpleLookups.Configuration.ConnectionStringsConfigurationElementCollection.GetElementKey(System.Configuration.ConfigurationElement)">
            <summary>
            Get the key value of a configuration element.
            </summary>
            <param name="element">The configuration element.</param>
            <returns>An object that describes the configuration element.</returns>
        </member>
        <member name="M:SimpleLookups.Configuration.ConnectionStringsConfigurationElementCollection.IsElementName(System.String)">
            <summary>
            Checks to see if an element name matches.
            </summary>
            <param name="elementName">The element name to check.</param>
            <returns>A boolean indicating if the element name matches.</returns>
        </member>
        <member name="M:SimpleLookups.Configuration.ConnectionStringsConfigurationElementCollection.GetDefault">
            <summary>
            Retrieves the default (or the only) connection string provided in the configuration file.
            </summary>
            <returns>The connection string.</returns>
        </member>
        <member name="P:SimpleLookups.Configuration.ConnectionStringsConfigurationElementCollection.CollectionType">
            <summary>
            Defines the collection type for this collection.
            </summary>
        </member>
        <member name="P:SimpleLookups.Configuration.ConnectionStringsConfigurationElementCollection.ElementName">
            <summary>
            Defines the element name for each element.
            </summary>
        </member>
        <member name="P:SimpleLookups.Configuration.ConnectionStringsConfigurationElementCollection.Item(System.Int32)">
            <summary>
            Indexer by order.
            </summary>
            <param name="index">The index of the connection string.</param>
            <returns>The connection string.</returns>
        </member>
        <member name="P:SimpleLookups.Configuration.ConnectionStringsConfigurationElementCollection.Item(System.Object)">
            <summary>
            Indexer by connection string name.
            </summary>
            <param name="refName">The name of the connection string.</param>
            <returns>The connection string.</returns>
        </member>
        <member name="T:SimpleLookups.Configuration.Interfaces.ISimpleLookupsConfiguration">
            <summary>
            The current configuration of SimpleLookups.
            </summary>
        </member>
        <member name="M:SimpleLookups.Configuration.Interfaces.ISimpleLookupsConfiguration.AddConnectionString(System.String,System.String)">
            <summary>
            Adds a connection string to the internal store.
            </summary>
            <param name="connectionName">The name of the connection.</param>
            <param name="connectionString">The actual connection string.</param>
        </member>
        <member name="M:SimpleLookups.Configuration.Interfaces.ISimpleLookupsConfiguration.GetConnectionString(System.String)">
            <summary>
            Retrieves a connection string from the internal store.
            </summary>
            <param name="connectionName">The name of the connection.</param>
            <returns>The matching connection string.</returns>
        </member>
        <member name="T:SimpleLookups.Configuration.Interfaces.ISimpleLookupsConfigurationSection">
            <summary>
            Interface for main configuration section.
            </summary>
        </member>
        <member name="P:SimpleLookups.Configuration.Interfaces.ISimpleLookupsConfigurationSection.IdColumnSuffix">
            <summary>
            Id Column Suffix
            </summary>
        </member>
        <member name="P:SimpleLookups.Configuration.Interfaces.ISimpleLookupsConfigurationSection.NameColumnSuffix">
            <summary>
            Name Column Suffix
            </summary>
        </member>
        <member name="P:SimpleLookups.Configuration.Interfaces.ISimpleLookupsConfigurationSection.DescriptionColumnSuffix">
            <summary>
            Description Column Suffix
            </summary>
        </member>
        <member name="P:SimpleLookups.Configuration.Interfaces.ISimpleLookupsConfigurationSection.CodeColumnSuffix">
            <summary>
            Code Column Suffix
            </summary>
        </member>
        <member name="P:SimpleLookups.Configuration.Interfaces.ISimpleLookupsConfigurationSection.ActiveColumnName">
            <summary>
            Active Column Name
            </summary>
        </member>
        <member name="P:SimpleLookups.Configuration.Interfaces.ISimpleLookupsConfigurationSection.PrefixColumnsWithTableName">
            <summary>
            A bool indicating whether the column names will be prefixed with the table name. (not including Active column)
            </summary>
        </member>
        <member name="P:SimpleLookups.Configuration.Interfaces.ISimpleLookupsConfigurationSection.ConnectionStrings">
            <summary>
            Collection of connection strings.
            </summary>
        </member>
        <member name="T:SimpleLookups.Configuration.SimpleLookupsConfiguration">
            <summary>
            The current configuration of SimpleLookups.
            </summary>
        </member>
        <member name="M:SimpleLookups.Configuration.SimpleLookupsConfiguration.AddConnectionString(System.String,System.String)">
            <summary>
            Adds a connection string to the internal store.
            </summary>
            <param name="connectionName">The name of the connection.</param>
            <param name="connectionString">The actual connection string.</param>
        </member>
        <member name="M:SimpleLookups.Configuration.SimpleLookupsConfiguration.GetConnectionString(System.String)">
            <summary>
            Retrieves a connection string from the internal store.
            </summary>
            <param name="connectionName">The name of the connection.</param>
            <returns>The matching connection string.</returns>
        </member>
        <member name="T:SimpleLookups.Configuration.SimpleLookupsConfigurationSection">
            <summary>
            Handles configuration in the configuration file.
            </summary>
        </member>
        <member name="P:SimpleLookups.Configuration.SimpleLookupsConfigurationSection.Instance">
            <summary>
            Get the configuration section.
            </summary>
        </member>
        <member name="P:SimpleLookups.Configuration.SimpleLookupsConfigurationSection.IdColumnSuffix">
            <summary>
            Id Column Suffix
            </summary>
        </member>
        <member name="P:SimpleLookups.Configuration.SimpleLookupsConfigurationSection.NameColumnSuffix">
            <summary>
            Name Column Suffix
            </summary>
        </member>
        <member name="P:SimpleLookups.Configuration.SimpleLookupsConfigurationSection.DescriptionColumnSuffix">
            <summary>
            Description Column Suffix
            </summary>
        </member>
        <member name="P:SimpleLookups.Configuration.SimpleLookupsConfigurationSection.CodeColumnSuffix">
            <summary>
            Code Column Suffix
            </summary>
        </member>
        <member name="P:SimpleLookups.Configuration.SimpleLookupsConfigurationSection.ActiveColumnName">
            <summary>
            Active Column Name
            </summary>
        </member>
        <member name="P:SimpleLookups.Configuration.SimpleLookupsConfigurationSection.PrefixColumnsWithTableName">
            <summary>
            A bool indicating whether the column names will be prefixed with the table name. (not including Active column)
            </summary>
        </member>
        <member name="P:SimpleLookups.Configuration.SimpleLookupsConfigurationSection.ConnectionStrings">
            <summary>
            The collection of connection string objects.
            </summary>
        </member>
        <member name="T:SimpleLookups.Exceptions.SimpleLookupsException">
            <summary>
            Represents a generic error that occurs during SimpleLookups processing.
            </summary>
        </member>
        <member name="M:SimpleLookups.Exceptions.SimpleLookupsException.#ctor(System.String,System.Exception)">
            <summary>
            Creates a new instance of SimpleLookups.SimpleLookupsException with the specified message and inner exception.
            </summary>
            <param name="message">The message that describes the error.</param>
            <param name="inner">The inner exception which is the true cause of the exception.</param>
        </member>
        <member name="T:SimpleLookups.Execution.CommandExecutor">
            <summary>
            Represents a wrapper for the execution of a database command.
            </summary>
        </member>
        <member name="T:SimpleLookups.Execution.Interfaces.ICommandExecutor">
            <summary>
            Represents a wrapper for the execution of a database command.
            </summary>
        </member>
        <member name="M:SimpleLookups.Execution.Interfaces.ICommandExecutor.ExecuteCommand(System.String)">
            <summary>
            Executes a command against the database.
            </summary>
            <param name="connectionName">The name of the connection string.</param>
            <returns>A boolean indicating success.</returns>
        </member>
        <member name="M:SimpleLookups.Execution.CommandExecutor.#ctor(SimpleLookups.Commands.Interfaces.ILookupCommand)">
            <summary>
            Instantiates instance of CommandExecutor.
            </summary>
            <param name="lookupCommand">Command to execute in this context.</param>
        </member>
        <member name="M:SimpleLookups.Execution.CommandExecutor.ExecuteCommand(System.String)">
            <summary>
            Executes a command against the database.
            </summary>
            <param name="connectionName">The name of the connection string.</param>
            <returns>A boolean indicating success.</returns>
        </member>
        <member name="T:SimpleLookups.Interfaces.ILookup">
            <summary>
            Defines the definition of a lookup value.
            </summary>
        </member>
        <member name="P:SimpleLookups.Interfaces.ILookup.Id">
            <summary>
            A unique id associated with the lookup value. This is how the value should be referenced in other tables.
            </summary>
        </member>
        <member name="P:SimpleLookups.Interfaces.ILookup.Name">
            <summary>
            The name of the lookup value.
            </summary>
        </member>
        <member name="P:SimpleLookups.Interfaces.ILookup.Description">
            <summary>
            A brief description of the lookup value.
            </summary>
        </member>
        <member name="P:SimpleLookups.Interfaces.ILookup.Code">
            <summary>
            A unique, user-readable string that represents this lookup.
            </summary>
        </member>
        <member name="P:SimpleLookups.Interfaces.ILookup.Active">
            <summary>
            A boolean value indicating whether the lookup is marked active.
            </summary>
        </member>
        <member name="T:SimpleLookups.Interfaces.ILookupManager`1">
            <summary>
            Manages database communication for a lookup type.
            </summary>
            <typeparam name="T">Any class object that inherits from ILookup.</typeparam>
        </member>
        <member name="M:SimpleLookups.Interfaces.ILookupManager`1.Create(`0)">
            <summary>
            Creates a lookup value.
            </summary>
            <param name="lookup">The lookup data to create.</param>
            <returns>A boolean value indicating whether the operation was a success.</returns>
        </member>
        <member name="M:SimpleLookups.Interfaces.ILookupManager`1.Create(`0,System.String)">
            <summary>
            Creates a lookup value.
            </summary>
            <param name="lookup">The lookup data to create.</param>
            <param name="connectionName">The name of the connection to use.</param>
            <returns>A boolean value indicating whether the operation was a success.</returns>
        </member>
        <member name="M:SimpleLookups.Interfaces.ILookupManager`1.Update(`0)">
            <summary>
            Updates a lookup value.
            </summary>
            <param name="lookup">The lookup value to update.</param>
            <returns>A boolean value indicating whether the operation was a success.</returns>
        </member>
        <member name="M:SimpleLookups.Interfaces.ILookupManager`1.Update(`0,System.String)">
            <summary>
            Updates a lookup value.
            </summary>
            <param name="lookup">The lookup value to update.</param>
            <param name="connectionName">The name of the connection to use.</param>
            <returns>A boolean value indicating whether the operation was a success.</returns>
        </member>
        <member name="M:SimpleLookups.Interfaces.ILookupManager`1.Delete(System.Int32)">
            <summary>
            Removes a lookup value.
            </summary>
            <param name="id">The unique id of the lookup to delete.</param>
            <returns>A boolean value indicating whether the operation was a success.</returns>
        </member>
        <member name="M:SimpleLookups.Interfaces.ILookupManager`1.Delete(System.Int32,System.String)">
            <summary>
            Removes a lookup value.
            </summary>
            <param name="id">The unique id of the lookup to delete.</param>
            <param name="connectionName">The name of the connection to use.</param>
            <returns>A boolean value indicating whether the operation was a success.</returns>
        </member>
        <member name="M:SimpleLookups.Interfaces.ILookupManager`1.Delete(System.Collections.Generic.IList{System.Int32})">
            <summary>
            Removes several lookup values, by their ids.
            </summary>
            <param name="ids">The unique ids of the lookups to delete.</param>
            <returns>A boolean value indicating whether the operation was a success.</returns>
        </member>
        <member name="M:SimpleLookups.Interfaces.ILookupManager`1.Delete(System.Collections.Generic.IList{System.Int32},System.String)">
            <summary>
            Removes several lookup values, by their ids.
            </summary>
            <param name="ids">The unique ids of the lookups to delete.</param>
            <param name="connectionName">The name of the connection to use.</param>
            <returns>A boolean value indicating whether the operation was a success.</returns>
        </member>
        <member name="M:SimpleLookups.Interfaces.ILookupManager`1.Delete(System.String)">
            <summary>
            Removes a lookup value, by it's code.
            </summary>
            <param name="code">The unique code of the lookup to delete.</param>
            <returns>A boolean value indicating whether the operation was a success.</returns>
        </member>
        <member name="M:SimpleLookups.Interfaces.ILookupManager`1.Delete(System.String,System.String)">
            <summary>
            Removes a lookup value, by it's code.
            </summary>
            <param name="code">The unique code of the lookup to delete.</param>
            <param name="connectionName">The name of the connection to use.</param>
            <returns>A boolean value indicating whether the operation was a success.</returns>
        </member>
        <member name="M:SimpleLookups.Interfaces.ILookupManager`1.Delete(System.Collections.Generic.IList{System.String})">
            <summary>
            Removes several lookup values, by their codes.
            </summary>
            <param name="codes">The unique codes of the lookups to delete.</param>
            <returns>A boolean value indicating whether the operation was a success.</returns>
        </member>
        <member name="M:SimpleLookups.Interfaces.ILookupManager`1.Delete(System.Collections.Generic.IList{System.String},System.String)">
            <summary>
            Removes several lookup values, by their codes.
            </summary>
            <param name="codes">The unique codes of the lookups to delete.</param>
            <param name="connectionName">The name of the connection to use.</param>
            <returns>A boolean value indicating whether the operation was a success.</returns>
        </member>
        <member name="M:SimpleLookups.Interfaces.ILookupManager`1.Get(System.Int32)">
            <summary>
            Get a lookup by its id.
            </summary>
            <param name="id">The id of the requested lookup.</param>
            <returns>The requested lookup value.</returns>
        </member>
        <member name="M:SimpleLookups.Interfaces.ILookupManager`1.Get(System.Int32,System.String)">
            <summary>
            Get a lookup by its id.
            </summary>
            <param name="id">The id of the requested lookup.</param>
            <param name="connectionName">The name of the connection to use.</param>
            <returns>The requested lookup value.</returns>
        </member>
        <member name="M:SimpleLookups.Interfaces.ILookupManager`1.Get(System.Collections.Generic.IList{System.Int32})">
            <summary>
            Get several lookups by their ids.
            </summary>
            <param name="ids">The ids of the requested lookups.</param>
            <returns>A list of the requested lookup values.</returns>
        </member>
        <member name="M:SimpleLookups.Interfaces.ILookupManager`1.Get(System.Collections.Generic.IList{System.Int32},System.String)">
            <summary>
            Get several lookups by their ids.
            </summary>
            <param name="ids">The ids of the requested lookups.</param>
            <param name="connectionName">The name of the connection to use.</param>
            <returns>A list of the requested lookup values.</returns>
        </member>
        <member name="M:SimpleLookups.Interfaces.ILookupManager`1.Get(System.String)">
            <summary>
            Get a lookup by its code.
            </summary>
            <param name="code">The code of the requested lookup.</param>
            <returns>The requested lookup value.</returns>
        </member>
        <member name="M:SimpleLookups.Interfaces.ILookupManager`1.Get(System.String,System.String)">
            <summary>
            Get a lookup by its code.
            </summary>
            <param name="code">The code of the requested lookup.</param>
            <param name="connectionName">The name of the connection to use.</param>
            <returns>The requested lookup value.</returns>
        </member>
        <member name="M:SimpleLookups.Interfaces.ILookupManager`1.Get(System.Collections.Generic.IList{System.String})">
            <summary>
            Get several lookups by their codes.
            </summary>
            <param name="codes">The codes of the requested lookups.</param>
            <returns>A list of the requested lookup values.</returns>
        </member>
        <member name="M:SimpleLookups.Interfaces.ILookupManager`1.Get(System.Collections.Generic.IList{System.String},System.String)">
            <summary>
            Get several lookups by their codes.
            </summary>
            <param name="codes">The codes of the requested lookups.</param>
            <param name="connectionName">The name of the connection to use.</param>
            <returns>A list of the requested lookup values.</returns>
        </member>
        <member name="M:SimpleLookups.Interfaces.ILookupManager`1.Get(System.Boolean)">
            <summary>
            Gets a list of all of the lookups.
            </summary>
            <param name="activeOnly">Specifies whether or not only active lookups should be included.</param>
            <returns>A list of the requested lookup values.</returns>
        </member>
        <member name="M:SimpleLookups.Interfaces.ILookupManager`1.Get(System.Boolean,System.String)">
            <summary>
            Gets a list of all of the lookups.
            </summary>
            <param name="activeOnly">Specifies whether or not only active lookups should be included.</param>
            <param name="connectionName">The name of the connection to use.</param>
            <returns>A list of the requested lookup values.</returns>
        </member>
        <member name="T:SimpleLookups.Lookup">
            <summary>
            Represents a lookup value.
            </summary>
        </member>
        <member name="P:SimpleLookups.Lookup.Id">
            <summary>
            A unique id associated with the lookup value. This is how the value should be referenced in other tables.
            </summary>
        </member>
        <member name="P:SimpleLookups.Lookup.Name">
            <summary>
            The name of the lookup value.
            </summary>
        </member>
        <member name="P:SimpleLookups.Lookup.Description">
            <summary>
            A brief description of the lookup value.
            </summary>
        </member>
        <member name="P:SimpleLookups.Lookup.Code">
            <summary>
            A unique, user-readable string that represents this lookup.
            </summary>
        </member>
        <member name="P:SimpleLookups.Lookup.Active">
            <summary>
            A boolean value indicating whether the lookup is marked active.
            </summary>
        </member>
        <member name="T:SimpleLookups.LookupManager`1">
            <summary>
            Manages database communication for a lookup type.
            </summary>
            <typeparam name="T">Any class object that inherits from ILookup.</typeparam>
        </member>
        <member name="M:SimpleLookups.LookupManager`1.Create(`0)">
            <summary>
            Creates a lookup value.
            </summary>
            <param name="lookup">The lookup data to create.</param>
            <returns>A boolean value indicating whether the operation was a success.</returns>
        </member>
        <member name="M:SimpleLookups.LookupManager`1.Create(`0,System.String)">
            <summary>
            Creates a lookup value.
            </summary>
            <param name="lookup">The lookup data to create.</param>
            <param name="connectionName">The name of the connection to use.</param>
            <returns>A boolean value indicating whether the operation was a success.</returns>
        </member>
        <member name="M:SimpleLookups.LookupManager`1.Update(`0)">
            <summary>
            Updates a lookup value.
            </summary>
            <param name="lookup">The lookup value to update.</param>
            <returns>A boolean value indicating whether the operation was a success.</returns>
        </member>
        <member name="M:SimpleLookups.LookupManager`1.Update(`0,System.String)">
            <summary>
            Updates a lookup value.
            </summary>
            <param name="lookup">The lookup value to update.</param>
            <param name="connectionName">The name of the connection to use.</param>
            <returns>A boolean value indicating whether the operation was a success.</returns>
        </member>
        <member name="M:SimpleLookups.LookupManager`1.Delete(System.Int32)">
            <summary>
            Removes a lookup value, by it's code.
            </summary>
            <param name="id">The unique id of the lookup to delete.</param>
            <returns>A boolean value indicating whether the operation was a success.</returns>
        </member>
        <member name="M:SimpleLookups.LookupManager`1.Delete(System.Int32,System.String)">
            <summary>
            Removes a lookup value, by it's code.
            </summary>
            <param name="id">The unique id of the lookup to delete.</param>
            <param name="connectionName">The name of the connection to use.</param>
            <returns>A boolean value indicating whether the operation was a success.</returns>
        </member>
        <member name="M:SimpleLookups.LookupManager`1.Delete(System.Collections.Generic.IList{System.Int32})">
            <summary>
            Removes several lookup values, by their ids.
            </summary>
            <param name="ids">The unique ids of the lookups to delete.</param>
            <returns>A boolean value indicating whether the operation was a success.</returns>
        </member>
        <member name="M:SimpleLookups.LookupManager`1.Delete(System.Collections.Generic.IList{System.Int32},System.String)">
            <summary>
            Removes several lookup values, by their ids.
            </summary>
            <param name="ids">The unique ids of the lookups to delete.</param>
            <param name="connectionName">The name of the connection to use.</param>
            <returns>A boolean value indicating whether the operation was a success.</returns>
        </member>
        <member name="M:SimpleLookups.LookupManager`1.Delete(System.String)">
            <summary>
            Removes a lookup value, by it's code.
            </summary>
            <param name="code">The unique code of the lookup to delete.</param>
            <returns>A boolean value indicating whether the operation was a success.</returns>
        </member>
        <member name="M:SimpleLookups.LookupManager`1.Delete(System.String,System.String)">
            <summary>
            Removes a lookup value, by it's code.
            </summary>
            <param name="code">The unique code of the lookup to delete.</param>
            <param name="connectionName">The name of the connection to use.</param>
            <returns>A boolean value indicating whether the operation was a success.</returns>
        </member>
        <member name="M:SimpleLookups.LookupManager`1.Delete(System.Collections.Generic.IList{System.String})">
            <summary>
            Removes several lookup values, by their ids.
            </summary>
            <param name="codes">The unique codes of the lookups to delete.</param>
            <returns>A boolean value indicating whether the operation was a success.</returns>
        </member>
        <member name="M:SimpleLookups.LookupManager`1.Delete(System.Collections.Generic.IList{System.String},System.String)">
            <summary>
            Removes several lookup values, by their ids.
            </summary>
            <param name="codes">The unique ids of the lookups to delete.</param>
            <param name="connectionName">The name of the connection to use.</param>
            <returns>A boolean value indicating whether the operation was a success.</returns>
        </member>
        <member name="M:SimpleLookups.LookupManager`1.Get(System.Int32)">
            <summary>
            Get a lookup by its id.
            </summary>
            <param name="id">The id of the requested lookup.</param>
            <returns>The requested lookup value.</returns>
        </member>
        <member name="M:SimpleLookups.LookupManager`1.Get(System.Int32,System.String)">
            <summary>
            Get a lookup by its id.
            </summary>
            <param name="id">The id of the requested lookup.</param>
            <param name="connectionName">The name of the connection to use.</param>
            <returns>The requested lookup value.</returns>
        </member>
        <member name="M:SimpleLookups.LookupManager`1.Get(System.Collections.Generic.IList{System.Int32})">
            <summary>
            Get several lookups by their ids.
            </summary>
            <param name="ids">The ids of the requested lookups.</param>
            <returns>A list of the requested lookup values.</returns>
        </member>
        <member name="M:SimpleLookups.LookupManager`1.Get(System.Collections.Generic.IList{System.Int32},System.String)">
            <summary>
            Get several lookups by their ids.
            </summary>
            <param name="ids">The ids of the requested lookups.</param>
            <param name="connectionName">The name of the connection to use.</param>
            <returns>A list of the requested lookup values.</returns>
        </member>
        <member name="M:SimpleLookups.LookupManager`1.Get(System.String)">
            <summary>
            Get a lookup by its code.
            </summary>
            <param name="code">The code of the requested lookup.</param>
            <returns>The requested lookup value.</returns>
        </member>
        <member name="M:SimpleLookups.LookupManager`1.Get(System.String,System.String)">
            <summary>
            Get a lookup by its code.
            </summary>
            <param name="code">The code of the requested lookup.</param>
            <param name="connectionName">The name of the connection to use.</param>
            <returns>The requested lookup value.</returns>
        </member>
        <member name="M:SimpleLookups.LookupManager`1.Get(System.Collections.Generic.IList{System.String})">
            <summary>
            Get several lookups by their codes.
            </summary>
            <param name="codes">The codes of the requested lookups.</param>
            <returns>A list of the requested lookup values.</returns>
        </member>
        <member name="M:SimpleLookups.LookupManager`1.Get(System.Collections.Generic.IList{System.String},System.String)">
            <summary>
            Get several lookups by their codes.
            </summary>
            <param name="codes">The codes of the requested lookups.</param>
            <param name="connectionName">The name of the connection to use.</param>
            <returns>A list of the requested lookup values.</returns>
        </member>
        <member name="M:SimpleLookups.LookupManager`1.Get(System.Boolean)">
            <summary>
            Gets a list of all of the lookups.
            </summary>
            <param name="activeOnly">Specifies whether or not only active lookups should be included.</param>
            <returns>A list of the requested lookup values.</returns>
        </member>
        <member name="M:SimpleLookups.LookupManager`1.Get(System.Boolean,System.String)">
            <summary>
            Gets a list of all of the lookups.
            </summary>
            <param name="activeOnly">Specifies whether or not only active lookups should be included.</param>
            <param name="connectionName">The name of the connection to use.</param>
            <returns>A list of the requested lookup values.</returns>
        </member>
        <member name="T:SimpleLookups.SimpleLookups">
            <summary>
            The main class of the SimpleLookups system.
            </summary>
        </member>
        <member name="M:SimpleLookups.SimpleLookups.Initialize(System.String)">
            <summary>
            Initializes SimpleLookups for use.
            </summary>
            <param name="defaultConnectionString">The connection string that should be used when another isn't supplied.</param>
        </member>
        <member name="M:SimpleLookups.SimpleLookups.Initialize(System.String,System.String,System.String,System.String,System.String,System.String,System.Boolean)">
            <summary>
            Initializes SimpleLookups for use.
            </summary>
            <param name="defaultConnectionString">The connection string that should be used when another isn't supplied.</param>
            <param name="idColumnPrefix">The suffix of the Id column. Passing a null or an empty string will cause the default value to be used.</param>
            <param name="nameColumnPrefix">The suffix of the Name column. Passing a null or an empty string will cause the default value to be used.</param>
            <param name="descriptionColumnPrefix">The suffix of the Description column. Passing a null or an empty string will cause the default value to be used.</param>
            <param name="codeColumnPrefix">The suffix of the Code column. Passing a null or an empty string will cause the default value to be used.</param>
            <param name="activeColumnName">The name of the Active column. Passing a null or an empty string will cause the default value to be used.</param>
            <param name="prefixColumnNamesWithTableName">A bool indicating whether or not column names (except Active) should be prefixed with the table name.</param>
        </member>
        <member name="M:SimpleLookups.SimpleLookups.AddConnectionString(System.String,System.String)">
            <summary>
            Adds a connection string to the internal store so that the connection string can be used later by LookupManager.
            </summary>
            <param name="connectionName">The name of the connection.</param>
            <param name="connectionString">The actual connection string.</param>
        </member>
        <member name="P:SimpleLookups.SimpleLookups.IsInitialized">
            <summary>
            A boolean indicating whether or not Initialize() has been called.
            </summary>
        </member>
    </members>
</doc>
